日付,室数,人数,宿泊売上,喫食数
2020/1/24,118,161,469884,154
2020/1/25,163,273,958294,225
2020/1/26,132,220,722407,184
2020/1/27,99,138,437713,112
2020/1/28,131,182,666949,157
2020/1/29,110,147,524780,110
2020/1/30,89,110,339070,97
2020/1/31,76,103,326720,94
2020/2/1,86,131,497344,113
2020/2/2,43,52,146313,45
2020/2/3,76,90,248785,80
2020/2/4,84,101,276288,89
2020/2/5,87,107,290143,95
2020/2/6,94,107,325105,95
2020/2/7,119,147,427457,122
2020/2/8,151,228,942384,144
2020/2/9,110,168,463531,136
2020/2/10,131,180,488275,135
2020/2/11,112,141,396753,123
2020/2/12,105,123,355704,110
2020/2/13,134,158,486370,140
2020/2/14,165,211,699586,176
2020/2/15,164,230,1540329,168
2020/2/16,132,162,563281,116
2020/2/17,97,119,349987,105
2020/2/18,123,149,416999,135
2020/2/19,121,142,403818,123
2020/2/20,154,177,552818,139
2020/2/21,165,234,665217,170
2020/2/22,139,241,1352355,121
2020/2/23,144,251,1097601,149
2020/2/24,96,129,380210,115
2020/2/25,102,132,371619,116
2020/2/26,108,124,412438,92
2020/2/27,81,88,264080,78
2020/2/28,91,112,308303,92
2020/2/29,98,160,207622,395
2020/3/1,51,70,213418,51
2020/3/2,68,90,359574,73
2020/3/3,56,63,211654,42
2020/3/4,48,59,188698,40
2020/3/5,68,77,256723,40
2020/3/6,56,67,223114,29
2020/3/7,53,74,340685,35
2020/3/8,44,52,184133,20
2020/3/9,44,58,220074,28
2020/3/10,58,69,251318,25
2020/3/11,54,61,212781,22
2020/3/12,50,59,219482,18
2020/3/13,44,54,204609,11
2020/3/14,46,64,277552,24
2020/3/15,41,51,165201,28
2020/3/16,58,79,254176,45
2020/3/17,55,64,205942,37
2020/3/18,49,55,178120,27
2020/3/19,50,63,206337,27
2020/3/20,74,96,322123,33
2020/3/21,67,94,339441,32
2020/3/22,46,54,170440,28
2020/3/23,49,60,191226,32
2020/3/24,65,77,220909,47
2020/3/25,64,74,225255,56
2020/3/26,63,70,226387,48
2020/3/27,76,100,325793,54
2020/3/28,57,77,287115,49
2020/3/29,35,38,118347,20
2020/3/30,34,37,108635,27
2020/3/31,54,58,183078,50
2020/4/1,59,65,197786,64
2020/4/2,48,50,144849,44
2020/4/3,38,39,114756,36
2020/4/4,50,63,202504,51
2020/4/5,34,40,106025,32
2020/4/6,34,36,119332,34
2020/4/7,31,31,106372,30
2020/4/8,27,29,82512,22
2020/4/9,30,32,104458,27
2020/4/10,20,24,78528,17
2020/4/11,20,24,70754,21
2020/4/12,20,20,62827,18
2020/4/13,27,29,95386,15
2020/4/14,31,33,106240,23
2020/4/15,31,32,101650,23
2020/4/16,29,30,84876,23
2020/4/17,20,22,55099,20
2020/4/18,22,24,71783,14
2020/4/19,23,26,77008,15
2020/4/20,29,31,92239,22
2020/4/21,30,31,81786,24
2020/4/22,36,42,120152,30
2020/4/23,23,24,79295,13
2020/4/24,20,22,64385,11
2020/4/25,17,17,49044,12
2020/4/26,17,18,54566,11
2020/4/27,16,18,55871,11
2020/4/28,15,18,54916,13
2020/4/29,24,27,71193,20
2020/4/30,19,23,67081,6
2020/5/1,8,12,34821,3
2020/5/2,10,14,46459,3
2020/5/3,4,6,15828,0
2020/5/4,7,13,38136,0
2020/5/5,7,8,24968,3
2020/5/6,20,27,89290,5
2020/5/7,16,19,66652,4
2020/5/8,17,21,72544,9
2020/5/9,17,23,80053,10
2020/5/10,18,25,75653,8
2020/5/11,18,20,70644,4
2020/5/12,18,19,69239,3
2020/5/13,24,25,93557,8
2020/5/14,22,25,88739,5
2020/5/15,19,22,77028,5
2020/5/16,15,20,67924,3
2020/5/17,15,17,53816,7
2020/5/18,25,26,94269,8
2020/5/19,30,36,130053,18
2020/5/20,33,35,135024,18
2020/5/21,28,32,118499,14
2020/5/22,24,27,96646,10
2020/5/23,15,23,69650,8
2020/5/24,15,22,76455,6
2020/5/25,12,12,53397,2
2020/5/26,15,16,60680,2
2020/5/27,14,17,61750,2
2020/5/28,19,21,70140,5
2020/5/29,23,27,90657,9
2020/5/30,26,42,130320,12
2020/5/31,12,15,50072,2
2020/6/1,17,20,70380,4
2020/6/2,28,31,115958,13
2020/6/3,32,34,117431,19
2020/6/4,28,37,127902,11
2020/6/5,25,35,108637,7
2020/6/6,32,47,153533,15
2020/6/7,14,19,55914,9
2020/6/8,36,41,137413,21
2020/6/9,38,45,148670,17
2020/6/10,42,45,168521,17
2020/6/11,44,48,173175,16
2020/6/12,21,28,94678,8
2020/6/13,39,59,178467,22
2020/6/14,19,27,81096,5
2020/6/15,38,41,193724,15
2020/6/16,40,48,173663,19
2020/6/17,35,37,142310,19
2020/6/18,34,42,158406,14
2020/6/19,43,52,182543,18
2020/6/20,63,92,322961,30
2020/6/21,21,29,94685,10
2020/6/22,28,29,133814,7
2020/6/23,27,28,120761,18
2020/6/24,40,44,178014,27
2020/6/25,50,57,220432,30
2020/6/26,37,50,178088,23
2020/6/27,38,56,203488,27
2020/6/28,26,38,130485,15
2020/6/29,26,28,115029,17
2020/6/30,35,40,160954,20
2020/7/1,35,39,148442,24
2020/7/2,36,42,160461,24
2020/7/3,28,41,142541,22
2020/7/4,43,60,233660,26
2020/7/5,11,15,51876,6
2020/7/6,28,32,115293,16
2020/7/7,36,39,141562,23
2020/7/8,67,69,248737,47
2020/7/9,41,50,181359,22
2020/7/10,30,39,145578,16
2020/7/11,52,82,297330,26
2020/7/12,26,32,122687,8
2020/7/13,26,30,121631,13
2020/7/14,27,31,127105,9
2020/7/15,39,45,161791,20
2020/7/16,43,44,196902,29
2020/7/17,36,52,171353,32
2020/7/18,45,69,228364,49
2020/7/19,20,25,85500,15
2020/7/20,40,44,163763,31
2020/7/21,32,39,132189,30
2020/7/22,35,46,170214,23
2020/7/23,89,134,516132,78
2020/7/24,85,127,467564,95
2020/7/25,51,79,297783,50
2020/7/26,27,38,138362,25
2020/7/27,36,39,140267,28
2020/7/28,47,51,183964,42
2020/7/29,44,53,209091,32
2020/7/30,45,48,189001,36
2020/7/31,36,39,148779,24
2020/8/1,29,33,142665,22
2020/8/2,19,21,79826,10
2020/8/3,26,29,113099,23
2020/8/4,30,32,136153,16
2020/8/5,40,44,185005,18
2020/8/6,35,45,181811,25
2020/8/7,31,42,172349,25
2020/8/8,38,60,216871,49
2020/8/9,33,58,205078,49
2020/8/10,25,42,139415,35
2020/8/11,27,36,137705,25
2020/8/12,28,38,239791,27
2020/8/13,30,46,163260,33
2020/8/14,42,67,255328,49
2020/8/15,37,64,273767,60
2020/8/16,24,38,118374,33
2020/8/17,60,72,258857,63
2020/8/18,40,52,224250,46
2020/8/19,50,54,234048,40
2020/8/20,53,58,269261,33
2020/8/21,31,41,151984,28
2020/8/22,94,113,500403,66
2020/8/23,30,42,159467,26
2020/8/24,33,45,171064,17
2020/8/25,47,57,254409,42
2020/8/26,46,54,240496,36
2020/8/27,34,40,196471,33
2020/8/28,34,44,197541,31
2020/8/29,41,61,258862,53
2020/8/30,21,29,116008,16
2020/8/31,24,27,115984,17
2020/9/1,40,45,200623,33
2020/9/2,39,44,190834,29
2020/9/3,44,48,211778,35
2020/9/4,61,76,312378,48
2020/9/5,62,97,410955,73
2020/9/6,23,32,117973,28
2020/9/7,47,53,219461,42
2020/9/8,50,52,249369,45
2020/9/9,44,52,220358,35
2020/9/10,38,43,188718,29
2020/9/11,31,37,156613,23
2020/9/12,52,82,359182,69
2020/9/13,33,44,173541,34
2020/9/14,37,44,177036,29
2020/9/15,37,43,188815,31
2020/9/16,42,48,205682,36
2020/9/17,103,114,536288,105
2020/9/18,127,141,668512,135
2020/9/19,133,190,948447,159
2020/9/20,156,246,1013950,164
2020/9/21,92,171,682478,139
2020/9/22,26,36,226429,31
2020/9/23,45,52,240691,37
2020/9/24,43,44,218406,33
2020/9/25,59,83,322151,56
2020/9/26,114,159,675347,101
2020/9/27,42,57,231699,40
2020/9/28,48,61,293306,46
2020/9/29,36,41,196115,39
2020/9/30,36,43,193141,30
2020/10/1,40,51,226555,38
2020/10/2,48,71,281661,65
2020/10/3,98,149,630099,112
2020/10/4,52,70,254502,44
2020/10/5,57,64,262978,49
2020/10/6,65,74,331774,57
2020/10/7,52,60,296254,47
2020/10/8,50,65,305219,50
2020/10/9,47,65,298035,62
2020/10/10,83,129,570444,116
2020/10/11,31,42,147322,37
2020/10/12,32,41,151472,28
2020/10/13,48,54,254051,36
2020/10/14,42,49,225879,37
2020/10/15,34,37,169903,20
2020/10/16,49,75,316793,54
2020/10/17,100,162,711701,130
2020/10/18,41,56,217232,35
2020/10/19,49,57,245747,46
2020/10/20,53,65,297354,51
2020/10/21,48,60,253262,38
2020/10/22,57,68,311558,45
2020/10/23,59,84,354402,59
2020/10/24,83,140,702270,123
2020/10/25,51,66,261776,57
2020/10/26,47,54,223613,43
2020/10/27,58,71,306576,51
2020/10/28,52,54,255409,41
2020/10/29,54,59,296475,55
2020/10/30,58,85,332784,72
2020/10/31,100,166,735178,147
2020/11/1,52,83,293148,61
2020/11/2,72,114,408253,94
2020/11/3,48,61,268781,36
2020/11/4,43,47,231111,41
2020/11/5,61,80,371868,61
2020/11/6,58,78,329740,47
2020/11/7,95,146,691630,128
2020/11/8,43,57,229424,37
2020/11/9,43,58,242257,35
2020/11/10,46,56,265537,29
2020/11/11,48,58,274576,41
2020/11/12,42,46,407564,27
2020/11/13,76,107,430524,96
2020/11/14,101,178,799343,154
2020/11/15,50,70,259535,53
2020/11/16,55,71,291457,52
2020/11/17,43,54,242215,42
2020/11/18,56,62,294648,44
2020/11/19,54,63,318890,49
2020/11/20,68,94,411348,73
2020/11/21,136,224,1534968,137
2020/11/22,120,198,1078278,107
2020/11/23,31,42,164914,38
2020/11/24,42,49,237854,33
2020/11/25,42,53,267457,42
2020/11/26,36,45,215180,37
2020/11/27,28,37,167791,40
2020/11/28,44,71,328467,61
2020/11/29,35,47,178694,44
2020/11/30,23,29,110448,17
2020/12/1,26,31,120928,19
2020/12/2,15,18,67370,8
2020/12/3,23,29,116391,17
2020/12/4,24,34,132084,18
2020/12/5,22,30,116023,11
2020/12/6,19,21,85153,8
2020/12/7,18,21,72317,13
2020/12/8,15,17,79271,12
2020/12/9,12,15,68799,10
2020/12/10,18,18,97520,13
2020/12/11,28,34,168369,25
2020/12/12,35,44,197761,25
2020/12/13,15,17,84019,10
2020/12/14,12,13,65563,9
2020/12/15,18,20,85726,18
2020/12/16,20,23,95047,17
2020/12/17,20,26,114755,16
2020/12/18,20,28,101020,5
2020/12/19,38,53,226473,25
2020/12/20,19,22,83667,10
2020/12/21,22,23,90479,13
2020/12/22,21,24,87924,10
2020/12/23,19,25,100489,6
2020/12/24,22,29,116676,6
2020/12/25,48,57,260346,11
2020/12/26,34,48,157813,26
2020/12/27,19,22,73522,8
2020/12/28,24,32,102281,13
2020/12/29,34,47,157616,15
2020/12/30,32,52,159442,21
2020/12/31,45,74,272343,47
2021/1/1,24,38,123483,20
2021/1/2,24,40,133378,21
2021/1/3,22,33,111684,11
2021/1/4,16,27,59661,14
2021/1/5,23,34,103006,22
2021/1/6,25,31,103966,18
2021/1/7,22,28,90787,17
2021/1/8,26,30,97721,11
2021/1/9,64,78,297429,33
2021/1/10,51,62,245486,34
2021/1/11,40,45,172332,20
2021/1/12,22,23,117619,6
2021/1/13,15,15,60575,5
2021/1/14,13,13,51468,5
2021/1/15,0,0,416,
2021/1/16,0,0,0,
2021/1/17,0,0,0,
2021/1/18,0,0,0,
2021/1/19,0,0,0,
2021/1/20,0,0,0,
2021/1/21,0,0,0,
2021/1/22,0,0,0,
2021/1/23,0,0,0,
2021/1/24,0,0,0,
2021/1/25,0,0,0,
2021/1/26,0,0,0,
2021/1/27,0,0,0,
2021/1/28,0,0,0,
2021/1/29,0,0,0,
2021/1/30,0,0,0,
2021/1/31,0,0,0,
2021/2/1,0,0,0,
2021/2/2,0,0,0,
2021/2/3,0,0,0,
2021/2/4,0,0,0,
2021/2/5,0,0,0,
2021/2/6,0,0,0,
2021/2/7,0,0,0,
2021/2/8,0,0,0,
2021/2/9,0,0,0,
2021/2/10,0,0,0,
2021/2/11,0,0,0,
2021/2/12,0,0,0,
2021/2/13,0,0,0,
2021/2/14,0,0,0,
2021/2/15,0,0,0,
2021/2/16,0,0,0,
2021/2/17,0,0,0,
2021/2/18,0,0,0,
2021/2/19,10,14,29997,12
2021/2/20,28,41,106894,30
2021/2/21,21,29,77765,21
2021/2/22,20,29,53683,20
2021/2/23,21,24,52140,22
2021/2/24,33,44,118302,40
2021/2/25,29,31,103246,25
2021/2/26,16,20,577272,18
2021/2/27,32,45,96561,36
2021/2/28,20,22,63451,14
2021/3/1,24,27,77406,19
2021/3/2,25,27,68827,23
2021/3/3,28,30,84946,22
2021/3/4,31,35,89299,27
2021/3/5,41,55,140133,40
2021/3/6,48,63,196725,38
2021/3/7,33,40,129489,18
2021/3/8,32,38,122920,22
2021/3/9,46,54,162767,35
2021/3/10,29,30,89796,20
2021/3/11,51,55,193747,39
2021/3/12,41,50,1086756,26
2021/3/13,50,76,239815,57
2021/3/14,40,55,160101,35
2021/3/15,33,39,110090,23
2021/3/16,48,56,149672,26
2021/3/17,57,66,169728,30
2021/3/18,61,69,170471,34
2021/3/19,79,105,268838,61
2021/3/20,101,159,448925,72
2021/3/21,60,78,203437,43
2021/3/22,57,72,165047,54
2021/3/23,78,98,228603,63
2021/3/24,76,94,232406,46
2021/3/25,96,126,322281,78
2021/3/26,104,153,405747,90
2021/3/27,134,230,612622,146
2021/3/28,78,111,279555,79
2021/3/29,70,101,278554,76
2021/3/30,70,94,200066,68
2021/3/31,70,85,226037,51
2021/4/1,74,90,265330,53
2021/4/2,98,136,340527,94
2021/4/3,109,170,422394,125
2021/4/4,66,92,252359,58
2021/4/5,62,76,221553,46
2021/4/6,61,68,196791,44
2021/4/7,72,79,240528,53
2021/4/8,61,66,198340,42
2021/4/9,77,90,241134,54
2021/4/10,93,142,392353,98
2021/4/11,67,72,193972,45
2021/4/12,67,74,212615,46
2021/4/13,70,76,208199,49
2021/4/14,63,65,198366,43
2021/4/15,74,79,214803,47
2021/4/16,72,84,222378,51
2021/4/17,80,112,274264,88
2021/4/18,47,55,121620,42
2021/4/19,50,56,134683,40
2021/4/20,57,65,128462,49
2021/4/21,46,54,109482,42
2021/4/22,50,52,129519,37
2021/4/23,62,74,169082,59
2021/4/24,59,80,200789,56
2021/4/25,42,46,105879,33
2021/4/26,50,62,156947,41
2021/4/27,41,49,122981,34
2021/4/28,48,59,131834,47
2021/4/29,34,42,91055,31
2021/4/30,40,54,101632,40
2021/5/1,66,90,190676,64
2021/5/2,63,91,192963,69
2021/5/3,73,106,201015,82
2021/5/4,54,79,161652,54
2021/5/5,30,34,72431,20
2021/5/6,38,49,97404,29
2021/5/7,48,56,117198,36
2021/5/8,45,67,163779,38
2021/5/9,36,46,105230,22
2021/5/10,43,52,122646,33
2021/5/11,49,55,139948,32
2021/5/12,48,56,138044,31
2021/5/13,42,48,112027,33
2021/5/14,47,58,120003,36
2021/5/15,79,118,220905,80
2021/5/16,48,57,105732,38
2021/5/17,37,43,97096,26
2021/5/18,45,52,117550,34
2021/5/19,46,53,113977,36
2021/5/20,52,57,127786,42
2021/5/21,45,55,109324,38
2021/5/22,71,97,241571,72
2021/5/23,42,50,149203,32
2021/5/24,50,59,146553,41
2021/5/25,63,72,181315,44
2021/5/26,67,69,187856,43
2021/5/27,71,77,183759,57
2021/5/28,75,100,214007,70
2021/5/29,98,143,320426,96
2021/5/30,65,78,204668,54
2021/5/31,72,81,239156,60
2021/6/1,70,79,182470,59
2021/6/2,58,65,129266,47
2021/6/3,58,60,150443,39
2021/6/4,63,86,167071,56
2021/6/5,82,120,271491,94
2021/6/6,66,84,156623,63
2021/6/7,61,67,154284,36
2021/6/8,80,93,185881,67
2021/6/9,83,94,198190,67
2021/6/10,84,96,196563,68
2021/6/11,89,108,226597,72
2021/6/12,98,151,315183,116
2021/6/13,71,98,203041,58
2021/6/14,81,93,231422,55
2021/6/15,83,92,213565,57
2021/6/16,69,75,198620,45
2021/6/17,84,96,251509,60
2021/6/18,87,124,242837,85
2021/6/19,94,139,287997,106
2021/6/20,66,85,172104,58
2021/6/21,61,74,167390,51
2021/6/22,88,100,253276,77
2021/6/23,78,88,317176,70
2021/6/24,106,112,486279,98
2021/6/25,124,149,563862,124
2021/6/26,129,173,701801,116
2021/6/27,67,85,193850,59
2021/6/28,63,78,179201,46
2021/6/29,63,72,161163,45
2021/6/30,90,105,260443,63
2021/7/1,80,95,287400,61
2021/7/2,87,118,275947,86
2021/7/3,127,178,508819,128
2021/7/4,91,113,323782,63
2021/7/5,65,77,172110,57
2021/7/6,85,101,249113,73
2021/7/7,89,101,268927,67
2021/7/8,97,118,326999,78
2021/7/9,94,125,296533,77
2021/7/10,136,200,530035,133
2021/7/11,85,107,307638,72
2021/7/12,84,103,273876,66
2021/7/13,82,101,239341,62
2021/7/14,78,93,236537,53
2021/7/15,99,113,350784,61
2021/7/16,79,104,256246,73
2021/7/17,118,179,482544,129
2021/7/18,79,103,240465,64
2021/7/19,61,74,186479,43
2021/7/20,70,90,224924,58
2021/7/21,81,119,271436,89
2021/7/22,124,197,466611,143
2021/7/23,143,213,590783,131
2021/7/24,124,201,524885,126
2021/7/25,92,129,280003,73
2021/7/26,86,112,266391,56
2021/7/27,87,118,279643,79
2021/7/28,92,113,303286,68
2021/7/29,93,125,320505,87
2021/7/30,85,119,321873,78
2021/7/31,89,137,441636,103
2021/8/1,68,92,235534,60
2021/8/2,69,98,230175,69
2021/8/3,112,146,442682,104
2021/8/4,82,113,286714,75
2021/8/5,88,116,285427,80
2021/8/6,89,117,282542,81
2021/8/7,104,166,470778,98
2021/8/8,103,168,449219,103
2021/8/9,83,123,273165,59
2021/8/10,92,141,305475,81
2021/8/11,94,141,310162,84
2021/8/12,109,185,417220,115
2021/8/13,111,191,446050,117
2021/8/14,123,185,578989,118
2021/8/15,76,116,244585,76
2021/8/16,83,107,217325,61
2021/8/17,87,112,288043,64
2021/8/18,106,137,345077,88
2021/8/19,108,136,366200,85
2021/8/20,121,160,415513,89
2021/8/21,116,167,434522,118
2021/8/22,83,118,249376,73
2021/8/23,91,117,280531,64
2021/8/24,98,129,306260,67
2021/8/25,92,120,278416,52
2021/8/26,68,87,212587,33
2021/8/27,103,141,329449,63
2021/8/28,128,192,467106,102
2021/8/29,70,90,207834,43
2021/8/30,55,66,155338,28
2021/8/31,85,102,253732,40
2021/9/1,77,96,220774,50
2021/9/2,82,100,221866,60
2021/9/3,102,127,372658,49
2021/9/4,111,160,412785,95
2021/9/5,72,95,191325,60
2021/9/6,92,110,230724,76
2021/9/7,93,106,245013,68
2021/9/8,95,113,247793,70
2021/9/9,87,100,237616,50
2021/9/10,92,121,270199,68
2021/9/11,110,163,374542,93
2021/9/12,76,107,229208,54
2021/9/13,86,97,243801,44
2021/9/14,91,116,303682,63
2021/9/15,93,109,266419,64
2021/9/16,102,127,319566,72
2021/9/17,119,171,406596,91
2021/9/18,152,244,628528,139
2021/9/19,147,234,597128,129
2021/9/20,97,129,333337,66
2021/9/21,83,114,278565,51
2021/9/22,106,151,343458,95
2021/9/23,112,147,373829,73
2021/9/24,139,176,493330,113
2021/9/25,143,197,623663,129
2021/9/26,70,94,230606,45
2021/9/27,68,82,205297,38
2021/9/28,90,107,262999,51
2021/9/29,94,117,292805,54
2021/9/30,106,118,322698,67
2021/10/1,88,110,267011,71
2021/10/2,127,182,489633,133
2021/10/3,80,111,246975,75
2021/10/4,69,80,197058,45
2021/10/5,89,101,255842,59
2021/10/6,83,93,232491,61
2021/10/7,96,107,293771,58
2021/10/8,104,138,310795,90
2021/10/9,140,210,553876,139
2021/10/10,96,123,296508,79
2021/10/11,85,101,263989,50
2021/10/12,108,137,320604,91
2021/10/13,115,140,353143,94
2021/10/14,106,128,345566,81
2021/10/15,122,170,414985,105
2021/10/16,156,225,593792,133
2021/10/17,105,139,356172,75
2021/10/18,120,143,394498,79
2021/10/19,116,140,380311,93
2021/10/20,125,153,415547,100
2021/10/21,109,131,369254,82
2021/10/22,137,183,513168,126
2021/10/23,155,240,691013,131
2021/10/24,112,146,429283,90
2021/10/25,81,109,282390,57
2021/10/26,85,101,272099,65
2021/10/27,96,124,337214,78
2021/10/28,119,142,437622,89
2021/10/29,109,154,372898,103
2021/10/30,160,257,712000,162
2021/10/31,73,112,280829,67
2021/11/1,76,94,259368,69
2021/11/2,75,103,229126,78
2021/11/3,71,85,221632,64
2021/11/4,86,100,257489,68
2021/11/5,105,147,396658,104
2021/11/6,124,184,615598,134
2021/11/7,78,120,300571,79
2021/11/8,78,100,293970,65
2021/11/9,90,115,315660,70
2021/11/10,92,123,347928,72
2021/11/11,86,101,314995,57
2021/11/12,108,158,397759,99
2021/11/13,143,240,730999,152
2021/11/14,76,114,264046,73
2021/11/15,83,107,262139,78
2021/11/16,108,151,399148,103
2021/11/17,117,154,403370,96
2021/11/18,121,151,446653,106
2021/11/19,137,203,495542,153
2021/11/20,166,292,1001758,171
2021/11/21,160,245,715183,162
2021/11/22,138,238,600916,151
2021/11/23,70,104,242376,65
2021/11/24,106,141,405119,105
2021/11/25,114,146,466071,94
2021/11/26,153,232,735570,192
2021/11/27,164,284,1006426,179
2021/11/28,131,193,659469,124
2021/11/29,106,126,403521,61
2021/11/30,100,124,405842,73
2021/12/1,104,125,420712,77
2021/12/2,113,139,464422,88
2021/12/3,146,232,870807,163
2021/12/4,164,278,1101434,184
2021/12/5,108,156,467638,91
2021/12/6,105,137,384054,77
2021/12/7,115,140,426306,80
2021/12/8,124,162,483930,93
2021/12/9,152,202,664469,121
2021/12/10,165,274,881236,179
2021/12/11,165,288,1142790,189
2021/12/12,134,201,594727,118
2021/12/13,127,161,490523,98
2021/12/14,154,193,615152,112
2021/12/15,164,207,651784,105
2021/12/16,164,204,667611,139
2021/12/17,165,264,941413,183
2021/12/18,166,296,1272139,185
2021/12/19,146,203,659361,135
2021/12/20,117,147,462799,79
2021/12/21,159,211,659076,124
2021/12/22,165,220,682080,125
2021/12/23,133,196,568535,104
2021/12/24,166,295,1155152,182
2021/12/25,167,291,1389923,178
2021/12/26,165,276,935853,186
2021/12/27,163,283,903529,168
2021/12/28,166,299,921962,187
2021/12/29,166,308,1142909,182
2021/12/30,167,301,1112749,187
2021/12/31,167,322,1220553,191
2022/1/1,148,285,1100866,197
2022/1/2,166,303,984107,183
2022/1/3,167,298,802344,206
2022/1/4,155,252,661497,149
2022/1/5,136,201,511471,112
2022/1/6,146,210,535105,106
2022/1/7,150,221,612783,147
2022/1/8,154,266,1046459,161
2022/1/9,154,265,997810,179
2022/1/10,135,184,561759,87
2022/1/11,145,175,537766,97
2022/1/12,135,163,473273,85
2022/1/13,133,157,432428,85
2022/1/14,122,163,475814,97
2022/1/15,134,211,740266,126
2022/1/16,89,109,309361,54
2022/1/17,113,131,392798,69
2022/1/18,120,142,410355,68
2022/1/19,133,150,409416,74
2022/1/20,139,157,444125,86
2022/1/21,165,220,710688,123
2022/1/22,124,185,654677,114
2022/1/23,86,101,272309,40
2022/1/24,115,138,386109,67
2022/1/25,109,125,347203,58
2022/1/26,138,156,412757,87
2022/1/27,110,120,312436,52
2022/1/28,103,139,377609,76
2022/1/29,133,204,684237,122
2022/1/30,81,102,278979,48
2022/1/31,87,100,253437,42
2022/2/1,101,114,293047,61
2022/2/2,106,125,314107,62
2022/2/3,106,124,318432,61
2022/2/4,103,135,362461,60
2022/2/5,113,157,482892,82
2022/2/6,82,103,259873,44
2022/2/7,81,105,250331,53
2022/2/8,99,124,323924,68
2022/2/9,98,118,328659,56
2022/2/10,105,142,358085,62
2022/2/11,142,232,705430,130
2022/2/12,147,249,781744,114
2022/2/13,93,123,328391,59
2022/2/14,85,106,297623,51
2022/2/15,111,138,405652,67
2022/2/16,104,123,376639,67
2022/2/17,111,130,387869,73
2022/2/18,90,115,346120,58
2022/2/19,99,148,455400,76
2022/2/20,71,94,244180,50
2022/2/21,93,112,319960,43
2022/2/22,112,147,386701,69
2022/2/23,83,97,273077,42
2022/2/24,141,174,519365,82
2022/2/25,130,179,515231,81
2022/2/26,166,257,916410,151
2022/2/27,121,160,461356,68
2022/2/28,85,104,311526,32
2022/3/1,85,116,323773,42
2022/3/2,74,95,282191,29
2022/3/3,87,111,323162,47
2022/3/4,102,148,416275,51
2022/3/5,109,180,586892,84
2022/3/6,75,108,295689,45
2022/3/7,112,148,421822,63
2022/3/8,108,143,430336,53
2022/3/9,113,151,452722,68
2022/3/10,119,144,447021,62
2022/3/11,108,142,409144,76
2022/3/12,144,228,694377,123
2022/3/13,98,132,367714,61
2022/3/14,108,150,406311,58
2022/3/15,111,148,409946,68
2022/3/16,137,192,556657,79
2022/3/17,136,193,550404,87
2022/3/18,159,235,639943,132
2022/3/19,166,304,1172926,164
2022/3/20,165,305,1002004,168
2022/3/21,107,153,415890,80
2022/3/22,133,177,515457,82
2022/3/23,157,221,652662,119
2022/3/24,158,231,692732,115
2022/3/25,167,266,815145,169
2022/3/26,167,296,1192332,179
2022/3/27,155,255,794696,149
2022/3/28,148,240,702607,128
2022/3/29,145,226,662930,134
2022/3/30,139,219,688718,137
2022/3/31,121,170,529734,99
2022/4/1,145,230,666784,126
2022/4/2,165,288,1065122,161
2022/4/3,91,138,385840,77
2022/4/4,113,160,467271,88
2022/4/5,125,155,508124,75
2022/4/6,102,127,420909,51
2022/4/7,112,131,453864,52
2022/4/8,158,237,719941,98
2022/4/9,161,281,1156906,119
2022/4/10,118,166,541689,75
2022/4/11,89,111,363116,47
2022/4/12,87,109,332525,40
2022/4/13,107,127,420312,60
2022/4/14,115,136,493268,68
2022/4/15,128,187,621280,106
2022/4/16,119,191,767455,99
2022/4/17,76,106,285462,46
2022/4/18,101,123,401988,57
2022/4/19,115,143,460735,61
2022/4/20,94,122,377304,61
2022/4/21,100,123,393527,49
2022/4/22,110,146,448995,68
2022/4/23,128,198,799639,85
2022/4/24,78,100,295748,39
2022/4/25,82,101,305823,38
2022/4/26,87,107,328280,44
2022/4/27,74,86,275086,35
2022/4/28,97,135,398223,73
2022/4/29,159,284,1214432,137
2022/4/30,167,299,1412185,164
2022/5/1,161,282,880567,106
2022/5/2,166,317,1053879,131
2022/5/3,166,321,1749627,165
2022/5/4,166,323,1394348,157
2022/5/5,84,142,447480,61
2022/5/6,97,152,495276,89
2022/5/7,116,196,632352,109
2022/5/8,47,65,216179,22
2022/5/9,67,87,276376,33
2022/5/10,70,78,282244,31
2022/5/11,70,78,270819,25
2022/5/12,92,108,394814,48
2022/5/13,124,170,563170,74
2022/5/14,140,226,892918,81
2022/5/15,77,109,322565,38
2022/5/16,71,96,284531,36
2022/5/17,68,80,277450,26
2022/5/18,94,113,374763,33
2022/5/19,111,132,403989,76
2022/5/20,137,194,574475,104
2022/5/21,162,264,1094108,139
2022/5/22,88,132,377308,59
2022/5/23,65,83,243910,38
2022/5/24,106,139,433623,76
2022/5/25,115,146,442881,71
2022/5/26,110,124,401270,77
2022/5/27,129,170,538880,84
2022/5/28,150,236,982786,139
2022/5/29,75,99,303272,52
2022/5/30,67,84,256324,51
2022/5/31,71,87,291202,38
2022/6/1,92,114,404510,67
2022/6/2,89,104,377657,49
2022/6/3,144,209,774112,122
2022/6/4,168,290,1231858,159
2022/6/5,108,162,510577,102
2022/6/6,92,122,395267,68
2022/6/7,101,134,444001,77
2022/6/8,125,146,553967,83
2022/6/9,153,181,710768,118
2022/6/10,151,216,896642,153
2022/6/11,155,248,1186313,185
2022/6/12,97,144,459139,92
2022/6/13,101,134,435500,87
2022/6/14,122,144,503963,90
2022/6/15,145,164,627568,113
2022/6/16,157,178,669841,121
2022/6/17,145,238,804372,175
2022/6/18,168,289,1395217,183
2022/6/19,136,185,611986,110
2022/6/20,124,139,550472,70
2022/6/21,145,164,630360,82
2022/6/22,150,179,681465,96
2022/6/23,145,189,638276,129
2022/6/24,163,275,1037440,190
2022/6/25,167,289,1492065,182
2022/6/26,148,205,674301,100
2022/6/27,97,128,441389,82
2022/6/28,126,161,563413,105
2022/6/29,120,144,519929,85
2022/6/30,109,137,468538,75
2022/7/1,153,228,815183,127
2022/7/2,159,281,1379809,171
2022/7/3,107,137,491734,84
2022/7/4,93,116,439529,66
2022/7/5,100,121,456113,65
2022/7/6,112,136,543873,88
2022/7/7,125,152,560357,89
2022/7/8,150,231,802680,167
2022/7/9,158,270,1174019,182
2022/7/10,118,172,546257,105
2022/7/11,101,141,479358,82
2022/7/12,112,152,518143,86
2022/7/13,119,152,530041,90
2022/7/14,151,191,699348,120
2022/7/15,124,175,573920,49
2022/7/16,166,285,1592705,155
2022/7/17,163,285,1226376,181
2022/7/18,66,82,283647,37
2022/7/19,91,116,383144,69
2022/7/20,106,123,445519,51
2022/7/21,121,162,556914,89
2022/7/22,100,155,489894,81
2022/7/23,166,284,1559493,172
2022/7/24,155,237,811498,141
2022/7/25,92,134,437484,69
2022/7/26,118,172,589356,96
2022/7/27,127,181,609150,104
2022/7/28,136,182,627843,93
2022/7/29,127,198,609041,102
2022/7/30,168,279,1176678,153
2022/7/31,86,136,407747,72
2022/8/1,134,184,662811,108
2022/8/2,124,172,592671,104
2022/8/3,134,202,650491,104
2022/8/4,140,209,683479,108
2022/8/5,144,224,745898,99
2022/8/6,159,254,1220157,124
2022/8/7,125,209,679444,95
2022/8/8,160,255,833169,131
2022/8/9,147,250,812940,138
2022/8/10,133,229,830413,106
2022/8/11,159,288,1254438,159
2022/8/12,141,264,1058852,151
2022/8/13,158,305,1313371,185
2022/8/14,151,284,1013421,186
2022/8/15,137,259,712042,174
2022/8/16,125,223,728388,127
2022/8/17,135,228,720045,123
2022/8/18,128,211,655999,102
2022/8/19,128,225,795729,110
2022/8/20,161,289,1357778,145
2022/8/21,117,192,567027,89
2022/8/22,127,204,630587,118
2022/8/23,120,179,572713,101
2022/8/24,129,183,591832,95
2022/8/25,132,197,590227,112
2022/8/26,130,214,665021,121
2022/8/27,166,296,1170115,143
2022/8/28,110,194,520432,96
2022/8/29,116,180,514684,80
2022/8/30,116,159,497481,74
2022/8/31,89,124,352227,45
2022/9/1,107,146,441031,64
2022/9/2,110,185,523142,74
2022/9/3,142,241,982926,96
2022/9/4,95,144,397126,52
2022/9/5,94,134,368064,59
2022/9/6,119,161,488138,67
2022/9/7,139,200,602483,88
2022/9/8,161,228,699118,119
2022/9/9,135,209,636810,99
2022/9/10,153,263,1051223,125
2022/9/11,100,156,416860,68
2022/9/12,139,202,612751,98
2022/9/13,151,220,680454,118
2022/9/14,152,208,664664,106
2022/9/15,161,222,732337,112
2022/9/16,144,198,764978,127
2022/9/17,158,294,1498272,173
2022/9/18,137,258,1209615,147
2022/9/19,87,132,414080,66
2022/9/20,106,145,462225,67
2022/9/21,140,196,642368,95
2022/9/22,153,248,893444,137
2022/9/23,159,282,1405043,156
2022/9/24,151,288,1421769,170
2022/9/25,116,172,582631,76
2022/9/26,102,143,462199,62
2022/9/27,131,186,568756,99
2022/9/28,150,207,659175,129
2022/9/29,155,215,698209,120
2022/9/30,129,218,749051,155
2022/10/1,127,231,1064069,155
2022/10/2,83,123,409155,84
2022/10/3,97,117,417847,70
2022/10/4,115,135,495894,88
2022/10/5,118,157,558714,103
2022/10/6,139,177,601679,110
2022/10/7,149,251,836513,152
2022/10/8,164,305,1797168,171
2022/10/9,154,282,1484033,162
2022/10/10,88,129,453007,74
2022/10/11,110,139,568487,85
2022/10/12,140,184,747716,99
2022/10/13,123,154,621807,77
2022/10/14,155,246,936912,146
2022/10/15,163,280,1586587,164
2022/10/16,137,215,819216,127
2022/10/17,148,197,794210,108
2022/10/18,143,183,784923,101
2022/10/19,159,205,892506,133
2022/10/20,159,203,895290,122
2022/10/21,159,264,1126104,162
2022/10/22,164,283,1857345,155
2022/10/23,130,188,797383,118
2022/10/24,150,201,852521,128
2022/10/25,163,210,963597,129
2022/10/26,164,234,1170596,160
2022/10/27,165,251,1258761,185
2022/10/28,163,268,1246607,173
2022/10/29,159,273,1764429,171
2022/10/30,146,203,862978,124
2022/10/31,157,203,942680,117
2022/11/1,161,214,1007222,124
2022/11/2,164,257,1195523,149
2022/11/3,160,272,1319910,169
2022/11/4,168,302,1559134,172
2022/11/5,165,295,2062621,176
2022/11/6,162,245,1088328,142
2022/11/7,158,211,990645,132
2022/11/8,164,222,1061860,136
2022/11/9,164,242,1159802,144
2022/11/10,166,226,1162958,115
2022/11/11,167,286,1387817,161
2022/11/12,168,298,2154590,176
2022/11/13,156,256,1079179,153
2022/11/14,155,219,989705,114
2022/11/15,162,228,1141513,101
2022/11/16,167,234,1185135,123
2022/11/17,168,237,1199692,140
2022/11/18,163,281,1535968,150
2022/11/19,168,287,2120096,148
2022/11/20,153,254,1033193,141
2022/11/21,156,242,1067782,150
2022/11/22,165,274,1293810,150
2022/11/23,152,223,981358,132
2022/11/24,168,232,1241604,139
2022/11/25,168,289,1483482,170
2022/11/26,159,277,2062584,162
2022/11/27,164,251,1073888,139
2022/11/28,163,247,1112999,126
2022/11/29,159,247,1222526,114
2022/11/30,166,258,1286357,104
2022/12/1,166,251,1143619,154
2022/12/2,166,271,1433086,176
2022/12/3,167,288,2072917,169
2022/12/4,151,256,1046545,147
2022/12/5,163,251,1099262,160
2022/12/6,166,266,1196513,170
2022/12/7,162,240,1081430,156
2022/12/8,166,238,1187049,151
2022/12/9,168,286,1567709,163
2022/12/10,167,289,2289994,131
2022/12/11,160,262,1207967,153
2022/12/12,166,263,1210858,168
2022/12/13,165,246,1217577,140
2022/12/14,160,230,1244314,111
2022/12/15,167,242,1349705,138
2022/12/16,165,278,1550928,148
2022/12/17,167,293,2285992,130
2022/12/18,164,268,1245163,104
2022/12/19,147,217,1116769,110
2022/12/20,161,224,1229228,111
2022/12/21,162,229,1204814,121
2022/12/22,153,211,1103539,113
2022/12/23,151,231,1321052,129
2022/12/24,165,274,2337242,136
2022/12/25,153,243,1311233,132
2022/12/26,156,252,1218333,156
2022/12/27,144,236,1209184,131
2022/12/28,140,253,1195883,122
2022/12/29,154,295,1429530,145
2022/12/30,153,306,1820079,150
2022/12/31,152,313,2220215,142
2023/1/1,161,307,2001751,160
2023/1/2,158,297,1670530,169
2023/1/3,149,280,929210,134
2023/1/4,151,264,1043439,156
2023/1/5,133,223,911269,124
2023/1/6,131,233,938359,174
2023/1/7,165,290,1739349,172
2023/1/8,150,274,1544062,153
2023/1/9,152,243,968566,133
2023/1/10,160,242,1020400,156
2023/1/11,147,212,902553,130
2023/1/12,141,186,855105,90
2023/1/13,162,247,1106527,130
2023/1/14,153,258,1730374,175
2023/1/15,156,240,1011051,151
2023/1/16,135,181,829793,103
2023/1/17,164,239,1078593,142
2023/1/18,166,239,1110231,154
2023/1/19,163,214,1047690,126
2023/1/20,166,271,1183918,167
2023/1/21,166,281,1692444,183
2023/1/22,156,247,1031111,174
2023/1/23,165,214,1059723,157
2023/1/24,160,218,1055403,124
2023/1/25,150,210,1008899,149
2023/1/26,162,236,1157196,141
2023/1/27,155,256,1216161,160
2023/1/28,152,278,1891770,159
2023/1/29,151,241,1032689,162
2023/1/30,157,236,1042087,147
2023/1/31,163,252,1137496,148
2023/2/1,166,249,1121139,142
2023/2/2,163,248,1159058,153
2023/2/3,164,283,1312813,171
2023/2/4,162,282,1836466,176
2023/2/5,155,259,1082005,163
2023/2/6,160,256,1170731,167
2023/2/7,165,264,1244061,168
2023/2/8,166,246,1205127,153
2023/2/9,166,228,1182367,113
2023/2/10,160,273,1304801,165
2023/2/11,166,303,1948023,177
2023/2/12,164,272,1168722,162
2023/2/13,157,244,1070709,155
2023/2/14,165,265,1202766,155
2023/2/15,163,271,1214706,170
2023/2/16,167,263,1220245,145
2023/2/17,167,275,1341240,151
2023/2/18,167,293,1985065,180
2023/2/19,156,253,1102118,139
2023/2/20,165,274,1224932,157
2023/2/21,167,268,1282540,148
2023/2/22,155,265,1232582,138
2023/2/23,159,288,1227769,177
2023/2/24,163,288,1515302,164
2023/2/25,167,288,2102789,152
2023/2/26,159,273,1225694,171
2023/2/27,165,238,1098557,149
2023/2/28,158,223,1077390,134
2023/3/1,157,234,1102576,123
2023/3/2,165,262,1184875,159
2023/3/3,154,267,1255494,167
2023/3/4,163,283,1995195,172
2023/3/5,155,260,1074888,147
2023/3/6,167,267,1187201,146
2023/3/7,164,261,1182698,165
2023/3/8,167,274,1199173,157
2023/3/9,165,257,1231016,164
2023/3/10,167,267,1368695,161
2023/3/11,166,292,2014089,164
2023/3/12,158,263,1138166,163
2023/3/13,168,277,1253386,160
2023/3/14,166,268,1263279,156
2023/3/15,165,264,1274201,154
2023/3/16,167,275,1347265,165
2023/3/17,162,278,1429124,180
2023/3/18,167,298,2334030,176
2023/3/19,166,300,1485700,150
2023/3/20,165,281,1393472,168
2023/3/21,156,265,1321470,164
2023/3/22,165,287,1388283,178
2023/3/23,166,271,1390208,178
2023/3/24,165,299,1580252,197
2023/3/25,168,297,2315748,175
2023/3/26,167,301,1484495,152
2023/3/27,168,302,1363762,164
2023/3/28,165,297,1363821,155
2023/3/29,166,294,1465180,129
2023/3/30,167,291,1412572,159
2023/3/31,163,285,1525228,153
2023/4/1,167,312,2345165,178
2023/4/2,167,314,1424587,177
2023/4/3,167,290,1419976,130
2023/4/4,166,283,1425509,140
2023/4/5,167,285,1391319,157
2023/4/6,167,272,1399241,133
2023/4/7,165,275,1535164,129
2023/4/8,168,296,2200226,165
2023/4/9,151,258,1205459,146
2023/4/10,159,257,1254456,121
2023/4/11,163,255,1321480,143
2023/4/12,159,235,1256384,124
2023/4/13,161,233,1262443,96
2023/4/14,160,274,1341963,153
2023/4/15,165,283,2132335,137
2023/4/16,145,242,1114096,122
2023/4/17,149,232,1056309,138
2023/4/18,147,214,1033658,102
2023/4/19,158,223,1157295,96
2023/4/20,164,256,1236307,139
2023/4/21,158,268,1290168,140
2023/4/22,168,294,2039975,177
2023/4/23,164,278,1219971,185
2023/4/24,154,234,1101222,127
2023/4/25,153,225,1088623,108
2023/4/26,156,240,1073312,138
2023/4/27,150,222,1044750,123
2023/4/28,143,229,1204882,138
2023/4/29,155,282,2049735,186
2023/4/30,148,258,1324572,145
2023/5/1,149,251,1313717,139
2023/5/2,159,303,1560183,161
2023/5/3,168,331,2843467,167
2023/5/4,167,323,2821368,162
2023/5/5,146,281,2340011,186
2023/5/6,141,259,1863156,191
2023/5/7,122,187,757976,81
2023/5/8,149,227,930589,119
2023/5/9,157,235,1012610,140
2023/5/10,166,247,1075204,161
2023/5/11,153,236,1066196,159
2023/5/12,120,197,1002221,115
2023/5/13,168,302,2155116,157
2023/5/14,147,233,1072587,150
2023/5/15,154,238,949792,148
2023/5/16,139,197,924904,112
2023/5/17,159,226,1322760,117
2023/5/18,167,254,1369719,153
2023/5/19,164,281,1378657,164
2023/5/20,167,290,2140274,180
2023/5/21,161,268,1188220,182
2023/5/22,153,232,1024922,138
2023/5/23,163,240,1085195,152
2023/5/24,157,232,1045614,148
2023/5/25,164,252,1115134,181
2023/5/26,162,274,1373010,176
2023/5/27,167,295,2229989,179
2023/5/28,159,269,1200642,174
2023/5/29,148,228,995681,144
2023/5/30,150,223,982262,131
2023/5/31,126,180,897420,138
2023/6/1,148,219,1085324,178
2023/6/2,167,222,1353451,136
2023/6/3,156,263,1981798,184
2023/6/4,161,277,1181411,176
2023/6/5,150,233,986703,102
2023/6/6,164,272,1162635,165
2023/6/7,150,229,1041043,133
2023/6/8,146,234,1029918,142
2023/6/9,153,262,1222972,136
2023/6/10,160,286,1991227,175
2023/6/11,153,254,1040899,146
2023/6/12,136,213,932273,139
2023/6/13,125,185,857846,141
2023/6/14,140,205,982275,99
2023/6/15,166,261,1241529,151
2023/6/16,167,291,1368931,163
2023/6/17,150,250,1933359,155
2023/6/18,144,232,1001177,121
2023/6/19,156,249,1086483,140
2023/6/20,162,268,1233276,155
2023/6/21,153,255,1168265,157
2023/6/22,161,271,1248148,173
2023/6/23,162,287,1379745,165
2023/6/24,155,292,2031843,162
2023/6/25,147,243,1078442,140
2023/6/26,149,239,989216,123
2023/6/27,164,259,1147460,138
2023/6/28,157,252,1166571,96
2023/6/29,133,219,1009264,113
2023/6/30,162,282,1402849,139
2023/7/1,140,255,1943304,91
2023/7/2,128,221,940796,74
2023/7/3,152,258,1087279,116
2023/7/4,142,230,1017357,119
2023/7/5,143,230,1021590,110
2023/7/6,158,257,1151421,127
2023/7/7,144,258,1219759,147
2023/7/8,125,233,1688778,125
2023/7/9,138,240,1024036,114
2023/7/10,141,244,1013837,116
2023/7/11,155,251,1103377,117
2023/7/12,153,241,1120535,102
2023/7/13,131,202,945434,85
2023/7/14,153,273,1349900,136
2023/7/15,166,311,2446831,161
2023/7/16,164,297,2439420,159
2023/7/17,116,200,844151,82
2023/7/18,143,230,967162,113
2023/7/19,152,240,1126214,115
2023/7/20,151,252,1140101,126
2023/7/21,159,285,1429044,164
2023/7/22,162,296,2380569,203
2023/7/23,163,290,1232496,149
2023/7/24,159,280,1164741,152
2023/7/25,166,293,1268756,150
2023/7/26,161,274,1236659,127
2023/7/27,161,276,1242959,162
2023/7/28,161,302,1442535,213
2023/7/29,151,285,2288732,180
2023/7/30,128,254,1252371,144
2023/7/31,142,249,1090007,145
2023/8/1,166,291,1398883,160
2023/8/2,165,292,1357648,169
2023/8/3,166,304,1495987,200
2023/8/4,157,293,1575419,206
2023/8/5,166,295,2458067,190
2023/8/6,132,247,1244833,174
2023/8/7,154,281,1368388,186
2023/8/8,135,254,1243186,154
2023/8/9,152,290,1333033,173
2023/8/10,161,297,1596657,165
2023/8/11,167,297,2503902,152
2023/8/12,165,315,2713260,161
2023/8/13,153,286,1990993,161
2023/8/14,156,291,1764856,162
2023/8/15,136,273,1321769,163
2023/8/16,142,275,1297501,153
2023/8/17,157,294,1385022,167
2023/8/18,160,299,1539084,159
2023/8/19,159,273,2466350,148
2023/8/20,151,279,1259986,173
2023/8/21,152,265,1244796,163
2023/8/22,163,286,1297653,181
2023/8/23,161,274,1336690,165
2023/8/24,132,232,1095726,123
2023/8/25,149,259,1376362,131
2023/8/26,130,230,1868401,115
2023/8/27,142,259,1043902,143
2023/8/28,146,277,1149216,151
2023/8/29,159,284,1225963,136
2023/8/30,162,275,1152417,151
2023/8/31,156,262,1108616,132
2023/9/1,140,241,1155162,115
2023/9/2,153,267,1984856,131
2023/9/3,159,263,1075377,134
2023/9/4,147,224,966637,106
2023/9/5,164,265,1180078,156
2023/9/6,164,266,1147681,148
2023/9/7,160,242,1140994,128
2023/9/8,145,240,1186182,131
2023/9/9,166,286,2405097,113
2023/9/10,161,260,1238647,87
2023/9/11,149,230,948647,105
2023/9/12,166,270,1110121,145
2023/9/13,159,260,1152482,140
2023/9/14,166,262,1113895,120
2023/9/15,144,246,1261806,136
2023/9/16,166,297,2417849,171
2023/9/17,166,304,2234845,160
2023/9/18,140,215,892508,100
2023/9/19,165,277,1128751,148
2023/9/20,165,264,1116028,132
2023/9/21,163,267,1402325,133
2023/9/22,118,198,1024591,94
2023/9/23,157,274,2345125,142
2023/9/24,140,235,1305809,132
2023/9/25,154,247,1066874,136
2023/9/26,165,271,1201267,138
2023/9/27,164,272,1205726,132
2023/9/28,157,257,1170003,144
2023/9/29,140,250,1177598,145
2023/9/30,140,271,1917881,140
2023/10/1,159,291,1188145,149
2023/10/2,165,275,1182495,153
2023/10/3,155,282,1205924,139
2023/10/4,153,261,1171751,125
2023/10/5,154,252,1174344,107
2023/10/6,140,264,1352790,153
2023/10/7,165,306,2669649,164
2023/10/8,143,267,2123514,151
2023/10/9,150,273,1106100,153
2023/10/10,141,237,995979,131
2023/10/11,153,254,1166087,142
2023/10/12,164,281,1271870,151
2023/10/13,156,280,1475088,164
2023/10/14,152,279,2136861,158
2023/10/15,165,279,1223797,149
2023/10/16,165,273,1156073,137
2023/10/17,159,265,1118221,113
2023/10/18,166,286,1380814,150
2023/10/19,167,287,1435043,157
2023/10/20,167,287,1527697,155
2023/10/21,153,269,2037259,142
2023/10/22,150,253,1083553,135
2023/10/23,165,286,1223771,146
2023/10/24,166,288,1262582,157
2023/10/25,164,277,1277838,147
2023/10/26,167,276,1341915,151
2023/10/27,161,283,1469742,159
2023/10/28,157,276,2098367,155
2023/10/29,152,249,1120253,127
2023/10/30,152,241,1041451,140
2023/10/31,139,221,1037746,139
2023/11/1,155,265,1221192,150
2023/11/2,159,279,1487882,156
2023/11/3,166,311,2416918,164
2023/11/4,162,301,2582299,158
2023/11/5,107,179,888686,102
2023/11/6,154,238,1087718,144
2023/11/7,154,241,1133768,142
2023/11/8,165,265,1316508,146
2023/11/9,165,277,1284298,150
2023/11/10,166,272,1571858,150
2023/11/11,167,293,2435578,163
2023/11/12,145,264,1264322,156
2023/11/13,161,266,1160207,131
2023/11/14,165,258,1236647,119
2023/11/15,165,273,1284090,142
2023/11/16,167,272,1299179,155
2023/11/17,165,251,1400416,151
2023/11/18,165,288,2620636,161
2023/11/19,142,245,1240517,142
2023/11/20,163,265,1170487,148
2023/11/21,163,263,1221221,149
2023/11/22,166,293,1390329,155
2023/11/23,154,292,1666646,156
2023/11/24,167,294,2186461,150
2023/11/25,167,286,2628709,164
2023/11/26,157,266,1217348,161
2023/11/27,162,259,1224441,137
2023/11/28,163,244,1225139,122
2023/11/29,160,251,1229849,120
2023/11/30,154,247,1168295,123
2023/12/1,147,247,1410202,121
2023/12/2,161,280,2522267,150
2023/12/3,160,279,1273019,148
2023/12/4,148,245,1149593,129
2023/12/5,137,230,1170961,112
2023/12/6,159,245,1324789,102
2023/12/7,167,260,1453796,98
2023/12/8,131,215,1351812,101
2023/12/9,165,287,2534660,157
2023/12/10,157,277,1301370,148
2023/12/11,134,224,1051066,92
2023/12/12,156,259,1313050,145
2023/12/13,150,223,1194525,110
2023/12/14,160,243,1281048,95
2023/12/15,157,270,1481882,151
2023/12/16,157,276,2473505,158
2023/12/17,142,250,1209031,143
2023/12/18,132,222,1036509,131
2023/12/19,150,249,1218205,153
2023/12/20,138,218,1108512,112
2023/12/21,143,234,1242358,120
2023/12/22,113,209,1391517,106
2023/12/23,157,280,2529745,144
2023/12/24,163,302,1553703,150
2023/12/25,151,281,1369923,179
2023/12/26,155,277,1403100,177
2023/12/27,152,287,1383427,148
2023/12/28,155,309,1552384,157
2023/12/29,166,317,2071293,147
2023/12/30,134,270,2289546,149
2023/12/31,140,281,2544367,161
2024/1/1,120,216,2044649,134
2024/1/2,137,255,1796602,146
2024/1/3,154,288,1255197,161
2024/1/4,157,294,1260402,149
2024/1/5,132,240,1099180,144
2024/1/6,120,208,1699822,113
2024/1/7,141,253,1818775,141
2024/1/8,130,218,935363,107
2024/1/9,128,198,889002,110
2024/1/10,155,246,1125031,133
2024/1/11,147,237,1036559,136
2024/1/12,114,208,905605,112
2024/1/13,128,222,1641004,105
2024/1/14,117,198,881976,96
2024/1/15,142,230,1015670,147
2024/1/16,141,232,1065904,147
2024/1/17,160,261,1206287,157
2024/1/18,162,259,1217333,139
2024/1/19,138,236,1167367,138
2024/1/20,123,221,1756526,119
2024/1/21,150,259,1127803,143
2024/1/22,160,279,1192179,152
2024/1/23,162,261,1221276,109
2024/1/24,160,241,1141690,97
2024/1/25,151,235,1083340,94
2024/1/26,165,292,1305679,135
2024/1/27,150,276,2308141,150
2024/1/28,165,294,1287677,152
2024/1/29,139,235,996636,121
2024/1/30,154,256,1174916,149
2024/1/31,117,186,825684,96
2024/2/1,131,204,983399,91
2024/2/2,162,289,1338383,150
2024/2/3,155,277,2105007,152
2024/2/4,142,256,1066835,128
2024/2/5,159,266,1173772,140
2024/2/6,160,273,1210267,133
2024/2/7,165,278,1309456,150
2024/2/8,160,273,1219414,136
2024/2/9,160,279,1435586,150
2024/2/10,167,295,2667409,150
2024/2/11,164,293,2208043,151
2024/2/12,127,239,1034564,136
2024/2/13,148,256,1180545,140
2024/2/14,151,252,1180982,129
2024/2/15,165,255,1326329,143
2024/2/16,159,263,1434822,150
2024/2/17,159,278,2491168,153
2024/2/18,161,279,1345992,140
2024/2/19,163,278,1298677,135
2024/2/20,161,264,1205277,147
2024/2/21,163,270,1287040,132
2024/2/22,164,297,1371511,163
2024/2/23,161,288,1974695,151
2024/2/24,167,286,2709136,151
2024/2/25,158,268,1299323,153
2024/2/26,158,265,1240054,149
2024/2/27,164,277,1312214,156
2024/2/28,126,218,1034832,100
2024/2/29,164,277,1290329,152
2024/3/1,157,279,1314241,151
2024/3/2,144,257,1987337,152
2024/3/3,144,234,1121254,147
2024/3/4,128,215,1022282,91
2024/3/5,150,239,1225433,109
2024/3/6,159,252,1327405,124
2024/3/7,154,243,1251950,131
2024/3/8,151,247,1374259,125
2024/3/9,139,239,1920242,149
2024/3/10,148,255,1174064,150
2024/3/11,158,270,1285534,144
2024/3/12,165,276,1390733,141
2024/3/13,165,275,1402947,122
2024/3/14,160,263,1369629,110
2024/3/15,149,268,1463299,152
2024/3/16,166,300,2508747,155
2024/3/17,157,286,1441354,152
2024/3/18,160,284,1467887,152
2024/3/19,161,282,1569009,153
2024/3/20,143,246,1318672,151
2024/3/21,165,270,1561491,164
2024/3/22,166,292,1721140,157
2024/3/23,165,297,2901885,155
2024/3/24,160,299,1635602,149
2024/3/25,163,297,1690325,154
2024/3/26,167,297,1692066,157
2024/3/27,167,297,1664779,151
2024/3/28,164,307,1664274,147
2024/3/29,163,311,1864826,150
2024/3/30,166,301,2863983,153
2024/3/31,163,279,1603197,151
2024/4/1,164,287,1592106,142
2024/4/2,164,285,1619400,135
2024/4/3,166,286,1635928,130
2024/4/4,167,283,1640573,142
2024/4/5,164,292,1718781,141
2024/4/6,166,281,2746640,138
2024/4/7,166,272,1510896,113
2024/4/8,159,246,1322378,117
2024/4/9,156,249,1318133,123
2024/4/10,160,260,1431085,128
2024/4/11,165,272,1506947,132
2024/4/12,164,278,1601588,141
2024/4/13,164,279,2413190,155
2024/4/14,163,263,1326906,148
2024/4/15,167,273,1361105,139
2024/4/16,157,241,1264083,133
2024/4/17,166,265,1402706,132
2024/4/18,164,265,1416227,128
2024/4/19,164,279,1521227,128
2024/4/20,165,284,2417263,131
2024/4/21,164,269,1439628,137
2024/4/22,154,228,1104860,93
2024/4/23,162,255,1253089,119
2024/4/24,165,256,1310530,134
2024/4/25,165,258,1319631,150
2024/4/26,149,245,1275497,126
2024/4/27,133,256,2157603,155
2024/4/28,126,244,2024640,151
2024/4/29,153,267,1191593,149
2024/4/30,140,251,1151589,123
2024/5/1,154,278,1312245,147
2024/5/2,145,271,1368936,154
2024/5/3,166,319,3201372,153
2024/5/4,161,322,2971691,155
2024/5/5,135,258,1732705,141
2024/5/6,132,223,872834,112
2024/5/7,148,235,1019541,121
2024/5/8,158,251,1174104,128
2024/5/9,151,249,1140255,126
2024/5/10,157,270,1362581,141
2024/5/11,157,266,2471187,150
2024/5/12,144,235,1271424,111
2024/5/13,156,242,1163641,123
2024/5/14,161,263,1327223,131
2024/5/15,167,287,1396356,150
2024/5/16,162,269,1312594,119
2024/5/17,160,279,1503173,151
2024/5/18,165,287,2663665,153
2024/5/19,153,261,1405620,165
2024/5/20,147,250,1177334,155
2024/5/21,153,245,1110389,123
2024/5/22,166,284,1348700,153
2024/5/23,160,266,1303008,140
2024/5/24,153,276,1416926,155
2024/5/25,161,279,2321624,152
2024/5/26,133,229,1056827,105
2024/5/27,145,241,1045061,129
2024/5/28,158,250,1192194,130
2024/5/29,160,244,1430112,120
2024/5/30,150,231,1341221,111
2024/5/31,130,214,1150291,123
2024/6/1,134,255,1980461,142
2024/6/2,155,273,1285596,146
2024/6/3,154,262,1171680,139
2024/6/4,161,276,1271142,128
2024/6/5,165,274,1302810,137
2024/6/6,162,262,1289936,132
2024/6/7,163,291,1449176,156
2024/6/8,163,286,2391723,163
2024/6/9,161,275,1285829,150
2024/6/10,151,243,1070049,116
2024/6/11,145,233,1100461,103
2024/6/12,154,244,1234411,151
2024/6/13,157,254,1276768,145
2024/6/14,165,275,1542976,139
2024/6/15,160,271,2332668,136
2024/6/16,153,266,1243416,133
2024/6/17,159,270,1152142,144
2024/6/18,147,249,1156410,137
2024/6/19,160,265,1279267,162
2024/6/20,160,260,1252176,157
2024/6/21,156,268,1415468,159
2024/6/22,161,286,2172949,142
2024/6/23,152,251,1149330,137
2024/6/24,149,244,1080530,144
2024/6/25,153,256,1230420,157
2024/6/26,163,278,1347274,163
2024/6/27,147,247,1164007,152
2024/6/28,155,264,1361504,139
2024/6/29,151,287,2117750,163
2024/6/30,134,242,1118946,112
2024/7/1,144,256,1108804,120
2024/7/2,149,256,1174232,125
2024/7/3,150,250,1166811,118
2024/7/4,157,261,1263569,150
2024/7/5,162,284,1521485,162
2024/7/6,155,274,2251230,154
2024/7/7,147,259,1180259,126
2024/7/8,156,278,1169831,129
2024/7/9,156,269,1230105,109
2024/7/10,150,265,1220346,107
2024/7/11,163,270,1317879,119
2024/7/12,144,259,1330326,126
2024/7/13,167,309,3004552,160
2024/7/14,164,296,2701988,142
2024/7/15,137,230,1102199,131
2024/7/16,150,236,1159992,142
2024/7/17,158,273,1302469,160
2024/7/18,150,249,1258147,141
2024/7/19,155,264,1410014,126
2024/7/20,166,302,2748390,143
2024/7/21,156,283,1495177,162
2024/7/22,133,238,1114495,133
2024/7/23,133,233,1207668,137
2024/7/24,162,276,1461934,147
2024/7/25,164,291,1563127,164
2024/7/26,154,275,1620727,161
2024/7/27,161,290,2666929,153
2024/7/28,136,263,1284617,160
2024/7/29,149,274,1290802,162
2024/7/30,145,262,1351695,155
2024/7/31,128,227,1156899,138
2024/8/1,164,290,1550753,160
2024/8/2,140,262,1512028,158
2024/8/3,144,259,2500694,153
2024/8/4,142,266,1282288,162
2024/8/5,149,268,1347297,157
2024/8/6,159,281,1506468,153
2024/8/7,156,281,1463746,160
2024/8/8,151,279,1399440,160
2024/8/9,127,236,1414978,149
2024/8/10,143,261,2524633,157
2024/8/11,156,300,2559990,162
2024/8/12,133,268,1854036,159
2024/8/13,142,296,1633636,161
2024/8/14,148,298,1682198,160
2024/8/15,140,278,1675007,165
2024/8/16,148,291,1579492,163
2024/8/17,130,240,2073590,146
2024/8/18,139,255,1299501,150
2024/8/19,133,251,1237937,143
2024/8/20,155,272,1499605,157
2024/8/21,154,272,1530977,148
2024/8/22,141,250,1346430,134
2024/8/23,154,290,1608051,149
2024/8/24,151,283,2380638,159
2024/8/25,145,262,1251170,131
2024/8/26,134,236,1135020,134
2024/8/27,136,231,1236420,118
2024/8/28,125,206,1115729,97
2024/8/29,104,175,821400,67
2024/8/30,110,201,976455,103
2024/8/31,87,151,1137281,85
2024/9/1,90,154,712582,85
2024/9/2,112,189,875571,97
2024/9/3,124,189,948424,93
2024/9/4,151,227,1309735,134
2024/9/5,149,219,1332865,122
2024/9/6,128,214,1176330,134
2024/9/7,142,252,2084024,155
2024/9/8,113,176,866768,74
2024/9/9,125,195,957937,97
2024/9/10,144,219,1171701,136
2024/9/11,146,239,1175638,124
2024/9/12,143,222,1155280,125
2024/9/13,149,261,1440220,131
2024/9/14,165,309,2876069,163
2024/9/15,164,304,2483227,160
2024/9/16,150,255,1250206,158
2024/9/17,135,233,1185069,132
2024/9/18,156,247,1355619,126
2024/9/19,151,238,1382102,141
2024/9/20,133,226,1285372,121
2024/9/21,165,289,3088714,161
2024/9/22,160,288,2577183,165
2024/9/23,127,208,966681,126
2024/9/24,150,225,1170148,132
2024/9/25,154,237,1240862,130
2024/9/26,161,245,1303242,131
2024/9/27,165,261,1554502,166
2024/9/28,147,269,2364633,161
2024/9/29,156,277,1380024,148
2024/9/30,132,230,1109953,107
2024/10/1,157,269,1395404,130
2024/10/2,164,283,1543775,124
2024/10/3,163,285,1599996,145
2024/10/4,164,296,1781362,159
2024/10/5,161,306,2755723,164
2024/10/6,144,272,1335008,142
2024/10/7,158,269,1363261,133
2024/10/8,159,266,1444476,138
2024/10/9,164,286,1562699,158
2024/10/10,167,294,1591925,171
2024/10/11,166,305,1880448,157
2024/10/12,167,315,3036767,160
2024/10/13,167,318,2701127,172
2024/10/14,156,284,1357822,174
2024/10/15,154,259,1293383,143
2024/10/16,165,284,1548290,160
2024/10/17,166,285,1583913,134
2024/10/18,164,294,1855107,146
2024/10/19,166,308,2859888,174
2024/10/20,162,288,1453347,158
2024/10/21,165,281,1505274,146
2024/10/22,161,277,1526068,126
2024/10/23,164,279,1602308,156
2024/10/24,166,282,1750231,127
2024/10/25,164,283,1789245,169
2024/10/26,167,294,2976779,152
2024/10/27,161,279,1513764,154
2024/10/28,161,282,1347585,170
2024/10/29,159,261,1315301,125
2024/10/30,158,262,1331915,129
2024/10/31,160,269,1393285,149
2024/11/1,162,281,1723374,157
2024/11/2,167,311,3125314,170
2024/11/3,164,309,2707094,169
2024/11/4,148,256,1265319,170
2024/11/5,155,257,1360951,160
2024/11/6,159,266,1464457,146
2024/11/7,164,280,1534775,170
2024/11/8,165,286,1828828,165
2024/11/9,167,303,2857423,170
2024/11/10,154,280,1507841,153
2024/11/11,160,278,1439113,141
2024/11/12,159,268,1413322,147
2024/11/13,163,266,1585188,175
2024/11/14,167,273,1658289,166
2024/11/15,163,286,1869144,155
2024/11/16,167,298,2884286,156
2024/11/17,165,287,1512259,169
2024/11/18,151,251,1256994,151
2024/11/19,163,267,1397758,171
2024/11/20,164,268,1521942,143
2024/11/21,167,284,1609037,156
2024/11/22,166,308,2067521,164
2024/11/23,167,322,3293211,175
2024/11/24,160,289,1469738,160
2024/11/25,154,267,1307437,118
2024/11/26,160,281,1455667,142
2024/11/27,163,270,1526698,127
2024/11/28,161,264,1548237,134
2024/11/29,164,278,1814762,168
2024/11/30,165,279,2875048,155
2024/12/1,151,266,1375262,129
2024/12/2,155,263,1267859,138
2024/12/3,153,251,1258003,126
2024/12/4,137,219,1209247,118
2024/12/5,165,280,1709841,170
2024/12/6,165,288,1633762,172
2024/12/7,164,282,3064216,142
2024/12/8,148,257,1497906,124
2024/12/9,151,242,1185251,132
2024/12/10,141,217,1170186,123
2024/12/11,151,235,1368655,95
2024/12/12,160,254,1557448,134
2024/12/13,160,287,1629432,165
2024/12/14,164,305,3068929,138
2024/12/15,149,261,1458810,128
2024/12/16,151,257,1272918,124
2024/12/17,154,270,1415933,132
2024/12/18,154,256,1409770,120
2024/12/19,158,268,1500585,137
2024/12/20,162,295,1812691,150
2024/12/21,162,297,3124228,169
2024/12/22,152,267,1485357,122
2024/12/23,146,258,1252023,134
2024/12/24,157,291,1469242,163
2024/12/25,148,256,1518374,142
2024/12/26,154,274,1645033,172
2024/12/27,151,274,1716152,151
2024/12/28,163,328,2657719,173
2024/12/29,167,344,2483663,174
2024/12/30,158,328,2272345,170
2024/12/31,160,317,2698842,170
2025/1/1,139,273,2506371,169
2025/1/2,145,300,2103908,173
2025/1/3,148,312,1833888,174
2025/1/4,134,270,1643696,168
2025/1/5,102,191,848975,111
2025/1/6,106,181,819328,95
2025/1/7,119,193,906425,104
2025/1/8,131,214,1013517,119
2025/1/9,145,244,1211694,132
2025/1/10,120,219,1052798,101
2025/1/11,155,280,2506415,168
2025/1/12,150,285,2048513,161
2025/1/13,136,236,1156837,119
2025/1/14,126,216,1067389,96
2025/1/15,143,244,1187897,108
2025/1/16,141,230,1152273,118
2025/1/17,149,272,1347832,161
2025/1/18,150,286,2313768,164
2025/1/19,144,268,1296266,135
2025/1/20,135,243,1170908,113
2025/1/21,154,272,1413735,127
2025/1/22,159,283,1517644,115
2025/1/23,154,264,1446039,103
2025/1/24,155,292,1591661,134
2025/1/25,160,297,2958449,137
2025/1/26,152,276,1499558,146
2025/1/27,147,259,1309545,125
2025/1/28,162,288,1552509,155
2025/1/29,160,286,1578075,138
2025/1/30,165,305,1677035,123
2025/1/31,147,283,1450009,120
2025/2/1,143,265,2560080,136
2025/2/2,155,285,1447355,131
2025/2/3,136,250,1226447,115
2025/2/4,156,281,1459623,122
2025/2/5,161,290,1406757,133
2025/2/6,159,278,1474421,152
2025/2/7,161,295,1724650,147
2025/2/8,163,305,3061056,152
2025/2/9,154,289,1550581,106
2025/2/10,147,285,1369722,136
2025/2/11,138,249,1227719,100
2025/2/12,152,272,1296796,109
2025/2/13,159,280,1483752,116
2025/2/14,149,291,1649464,139
2025/2/15,159,307,2769397,154
2025/2/16,147,280,1318758,129
2025/2/17,160,298,1422680,148
2025/2/18,163,301,1493439,126
2025/2/19,162,288,1471383,108
2025/2/20,155,260,1314146,103
2025/2/21,164,305,1642846,149
2025/2/22,164,304,3190154,153
2025/2/23,162,298,3102038,150
2025/2/24,144,254,1333953,143
2025/2/25,150,252,1264266,142
2025/2/26,142,239,1142797,104
2025/2/27,149,258,1240353,100
2025/2/28,154,288,1406262,140
2025/3/1,132,255,2136561,100
2025/3/2,139,254,1238655,125
2025/3/3,141,258,1225379,112
2025/3/4,133,249,1203809,86
2025/3/5,154,271,1501984,135
2025/3/6,157,264,1509414,144
2025/3/7,153,283,1637411,130
2025/3/8,146,286,2424190,141
2025/3/9,150,274,1394638,141
2025/3/10,163,304,1597721,154
2025/3/11,159,295,1525703,148
2025/3/12,153,285,1531245,142
2025/3/13,157,276,1561856,138
2025/3/14,151,283,1643632,135
2025/3/15,160,305,2935389,153
2025/3/16,146,264,1502842,126
2025/3/17,164,300,1608649,140
2025/3/18,166,313,1616523,130
2025/3/19,165,312,1633014,148
2025/3/20,163,307,1943481,150
2025/3/21,166,305,2298751,155
2025/3/22,164,318,3059696,150
2025/3/23,142,264,1522628,141
2025/3/24,156,296,1728098,152
2025/3/25,166,323,2049087,145
2025/3/26,167,330,2018230,148
2025/3/27,166,321,2111293,150
2025/3/28,166,321,2634027,147
2025/3/29,162,321,3192560,147
2025/3/30,152,310,1900744,154
2025/3/31,157,286,2039457,116
2025/4/1,161,287,2302210,152
2025/4/2,165,289,2448403,168
2025/4/3,168,301,2271602,161
2025/4/4,165,292,2280957,152
2025/4/5,166,294,3204011,148
2025/4/6,157,269,2036381,122
2025/4/7,155,260,1744013,113
2025/4/8,158,267,1924764,97
2025/4/9,162,280,1923772,98
2025/4/10,167,295,2149120,140
2025/4/11,165,294,2186777,121
2025/4/12,167,299,3191290,130
2025/4/13,154,270,2100601,86
2025/4/14,160,277,1971144,96
2025/4/15,161,279,2064491,101
2025/4/16,164,287,2118979,108
2025/4/17,167,294,2231308,120
2025/4/18,160,268,2364351,126
2025/4/19,166,298,3217595,140
2025/4/20,162,297,2065939,116
2025/4/21,159,280,2008389,109
2025/4/22,164,285,1976564,106
2025/4/23,163,279,1925784,129
2025/4/24,162,276,2055181,89
2025/4/25,154,261,2068602,103
2025/4/26,164,328,3547926,145
2025/4/27,161,329,2299552,142
2025/4/28,156,318,1934616,150
2025/4/29,144,274,1636829,137
2025/4/30,153,298,1744954,124
2025/5/1,155,307,1850107,113
2025/5/2,163,333,2150573,151
2025/5/3,167,344,3855650,160
2025/5/4,165,345,3599600,162
2025/5/5,146,305,2186078,153
2025/5/6,131,243,1148203,105
2025/5/7,137,248,1469398,123
2025/5/8,153,276,1671052,154
2025/5/9,153,296,1864079,153
2025/5/10,153,287,2893090,141
2025/5/11,146,262,1599928,112
2025/5/12,155,286,1689029,134
2025/5/13,166,303,1834678,162
2025/5/14,165,298,2075443,162
2025/5/15,161,287,2036609,135
2025/5/16,160,287,2212548,160
2025/5/17,166,314,3854930,162
2025/5/18,158,296,2130699,157
2025/5/19,155,282,1743357,133
2025/5/20,158,273,1758109,151
2025/5/21,166,291,1887281,152
2025/5/22,165,298,1988290,161
2025/5/23,167,328,2281724,160
2025/5/24,161,305,3167124,164
2025/5/25,157,311,2023104,154
2025/5/26,159,305,1992011,161
2025/5/27,156,274,1784786,145
2025/5/28,162,285,2067276,162
2025/5/29,160,283,2207641,146
2025/5/30,162,294,2618229,148
2025/5/31,167,307,3629098,132
